{"cpu_time": 0.0, "wallclock_time": 9.679794311523438e-05, "evaluations": 0, "cost": 2147483648, "incumbent": ["algorithm=''ECTS/bin/ects''", "min_support='0.0'", "version=''strict''"], "origin": "Default"}
{"cpu_time": 0.001895, "wallclock_time": 0.04102039337158203, "evaluations": 1, "cost": 0.5703717175579299, "incumbent": ["algorithm=''ECTS/bin/ects''", "min_support='0.0'", "version=''strict''"], "origin": "Default"}
{"cpu_time": 3.284219, "wallclock_time": 4.127899885177612, "evaluations": 10, "cost": 0.34233680066881056, "incumbent": ["algorithm=''RelClass/run''", "constr=''Cheby''", "ldg=''1''", "tau='2.0955415876500644e-05'"], "origin": "Random Search"}
{"cpu_time": 4.090075000000001, "wallclock_time": 5.557389259338379, "evaluations": 16, "cost": 0.18928520315932068, "incumbent": ["algorithm=''RelClass/run''", "constr=''Naive''", "ldg=''1''", "tau='2.4000564528571207e-13'"], "origin": "Random Search (sorted)"}
{"cpu_time": 85.71578599999998, "wallclock_time": 126.40247535705566, "evaluations": 477, "cost": 0.18721063693690013, "incumbent": ["algorithm=''RelClass/run''", "constr=''Naive''", "ldg=''1''", "tau='3.0122683165697082e-06'"], "origin": "Random Search (sorted)"}
{"cpu_time": 165.29322800000014, "wallclock_time": 227.03248953819275, "evaluations": 697, "cost": 0.17837321643537313, "incumbent": ["algorithm=''RelClass/run''", "constr=''Naive''", "ldg=''1''", "tau='6.135698052082689e-08'"], "origin": "Random Search"}
{"cpu_time": 199.57970000000017, "wallclock_time": 275.1225607395172, "evaluations": 858, "cost": 0.17930811465584603, "incumbent": ["algorithm=''RelClass/run''", "constr=''Naive''", "ldg=''1''", "tau='2.0348145253675592e-08'"], "origin": "Random Search"}
{"cpu_time": 741.0137490000013, "wallclock_time": 1034.965219259262, "evaluations": 3145, "cost": 0.17201680426675295, "incumbent": ["algorithm=''RelClass/run''", "constr=''Naive''", "ldg=''1''", "tau='3.097135048592414e-07'"], "origin": "Local Search"}
